SK_ID_CURR,SK_ID_BUREAU,DAYS_CREDIT
215354,5714462,-497
215354,5714463,-208
215354,5714464,-203
215354,5714465,-203
215354,5714466,-629
215354,5714467,-273
215354,5714468,-43
162297,5714469,-1896
162297,5714470,-1146
162297,5714471,-1146
162297,5714472,-1146
162297,5714473,-2456
162297,5714474,-277
402440,5714475,-96
238881,5714482,-318
238881,5714484,-2911
238881,5714485,-2148
238881,5714486,-381
238881,5714487,-95
238881,5714488,-444
238881,5714489,-392
222183,5714491,-784
222183,5714492,-774
222183,5714493,-395
222183,5714495,-2744
222183,5714496,-1103
222183,5714497,-315
426155,5714498,-1331
426155,5714499,-2534
426155,5714500,-845
426155,5714501,-529
136226,5714502,-521
136226,5714503,-559
400486,5714504,-2413
400486,5714506,-941
400486,5714507,-1110
400486,5714508,-2133
400486,5714509,-391
435112,5714512,-1412
435112,5714513,-1590
435112,5714514,-1181
435112,5714516,-1475
435112,5714517,-1411
435112,5714518,-1483
435112,5714519,-1589
435112,5714520,-829
435112,5714521,-739
435112,5714522,-508
435112,5714523,-416
452585,5714524,-2642
452585,5714525,-2538
452585,5714527,-42
452585,5714528,-2898
389599,5714529,-672
389599,5714530,-1304
389599,5714531,-1253
389599,5714532,-1130
389599,5714533,-831
389599,5714534,-329
389599,5714536,-700
242993,5714537,-2785
242993,5714538,-683
242993,5714539,-744
242993,5714541,-801
242993,5714542,-1841
242993,5714543,-2237
242993,5714544,-1201
242993,5714545,-1844
242993,5714547,-705
242993,5714548,-605
242993,5714549,-564
242993,5714550,-382
242993,5714551,-865
303740,5714552,-1423
303740,5714553,-666
303740,5714554,-581
303740,5714555,-433
234931,5714557,-1272
234931,5714558,-1602
234931,5714559,-1273
234931,5714560,-371
234931,5714561,-2638
234931,5714562,-1495
311918,5714563,-2904
311918,5714564,-146
119939,5714566,-2279
119939,5714567,-2247
119939,5714568,-1447
119939,5714569,-1390
119939,5714570,-1390
119939,5714571,-733
119939,5714573,-1188
119939,5714574,-437
119939,5714575,-944
119939,5714577,-1102
119939,5714578,-1572
119939,5714579,-1791
119939,5714580,-2401
119939,5714581,-1624
119939,5714582,-1617
119939,5714583,-937
119939,5714585,-314
388421,5714587,-685
388421,5714590,-325
388421,5714591,-674
388421,5714593,-378
419892,5714594,-1697
419892,5714595,-1238
419892,5714596,-381
419892,5714597,-584
387080,5714598,-983
387080,5714600,-1104
387080,5714601,-1766
387080,5714602,-1082
387080,5714603,-1239
387080,5714604,-681
387080,5714606,-2897
387080,5714607,-1603
387080,5714608,-2093
387080,5714609,-69
387080,5714610,-2299
387080,5714611,-549
387080,5714612,-388
387080,5714614,-18
293201,5714620,-2730
293201,5714621,-2389
293201,5714622,-2255
293201,5714624,-1425
293201,5714625,-2540
338464,5714626,-2655
338464,5714627,-2539
338464,5714628,-2343
338464,5714629,-857
338464,5714630,-857
338464,5714631,-1131
338464,5714633,-1706
338464,5714634,-140
444864,5714635,-2209
444864,5714636,-2130
444864,5714637,-1125
444864,5714638,-1872
444864,5714639,-2030
444864,5714640,-1776
444864,5714642,-1124
444864,5714643,-1871
444864,5714644,-2129
444864,5714645,-1416
444864,5714646,-312
444864,5714647,-286
253882,5714648,-1341
253882,5714649,-758
253882,5714650,-1531
253882,5714651,-770
335122,5714653,-1189
335122,5714654,-2426
335122,5714655,-644
335122,5714656,-885
335122,5714657,-2740
351919,5714658,-769
406724,5714661,-1293
406724,5714662,-1433
406724,5714663,-1432
406724,5714665,-167
389074,5714667,-957
389074,5714668,-705
389074,5714669,-1049
373324,5714674,-837
373324,5714675,-341
373324,5714676,-586
373324,5714677,-1439
373324,5714679,-577
373324,5714681,-2819
373324,5714682,-2673
373324,5714683,-1438
373324,5714684,-1913
373324,5714685,-1593
373324,5714686,-986
373324,5714687,-2455
373324,5714688,-2216
373324,5714689,-1805
286014,5714690,-137
241216,5714692,-259
241216,5714693,-199
166034,5714697,-1283
166034,5714698,-828
166034,5714699,-828
166034,5714700,-1207
166034,5714701,-706
166034,5714702,-262
166034,5714704,-718
166034,5714705,-612
399459,5714708,-1141
399459,5714709,-49
173404,5714710,-1103
173404,5714711,-1166
173404,5714712,-45
173404,5714713,-1165
280788,5714715,-221
280788,5714716,-221
280788,5714717,-728
280788,5714718,-637
280788,5714719,-430
280788,5714720,-120
312983,5714722,-656
312983,5714723,-2128
312983,5714724,-1923
312983,5714725,-1278
272136,5714726,-177
272136,5714727,-220
415899,5714728,-496
415899,5714729,-500
415899,5714730,-122
451241,5714733,-2309
451241,5714734,-1729
451241,5714735,-1010
451241,5714736,-1728
451241,5714737,-1321
451241,5714738,-997
451241,5714741,-594
451241,5714742,-460
451241,5714743,-455
383257,5714745,-257
383257,5714746,-601
383257,5714748,-140
383257,5714749,-140
435368,5714751,-2915
435368,5714752,-2335
435368,5714754,-1360
435368,5714755,-1574
435368,5714756,-1641
435368,5714757,-369
435368,5714758,-265
435368,5714759,-2630
227903,5714763,-1847
227903,5714764,-1844
227903,5714765,-1930
228777,5714770,-2264
228777,5714772,-1419
228777,5714773,-1222
228777,5714774,-838
228777,5714775,-1057
228777,5714776,-1144
228777,5714777,-1298
228777,5714779,-728
228777,5714780,-1547
228777,5714781,-728
228777,5714782,-90
228777,5714783,-46
304102,5714784,-1509
266501,5714785,-597
266501,5714786,-1445
266501,5714787,-1575
266501,5714788,-1491
417300,5714790,-1253
417300,5714791,-2427
417300,5714792,-740
417300,5714793,-521
417300,5714794,-41
417300,5714795,-2730
416951,5714796,-751
416951,5714798,-1623
416951,5714799,-1096
225481,5714800,-2639
225481,5714801,-1138
148089,5714802,-2502
148089,5714803,-2311
148089,5714804,-1475
148089,5714805,-791
390784,5714807,-1537
390784,5714808,-514
390784,5714809,-636
346919,5714810,-2499
346919,5714811,-2308
346919,5714812,-2287
346919,5714814,-194
346919,5714815,-318
346919,5714817,-1296
346919,5714818,-1043
346919,5714819,-1086
346919,5714820,-1977
346919,5714821,-1602
346919,5714823,-699
346919,5714824,-310
233234,5714825,-929
233234,5714826,-1435
233234,5714827,-35
233234,5714828,-360
181326,5714829,-360
181326,5714830,-1369
297876,5714833,-2738
297876,5714836,-441
297876,5714837,-1231
297876,5714838,-598
297876,5714839,-124
278778,5714840,-180
198319,5714841,-126
198319,5714842,-1378
333498,5714844,-2805
333498,5714845,-2711
333498,5714846,-1314
333498,5714847,-1290
333498,5714848,-2688
333498,5714849,-816
333498,5714850,-914
333498,5714853,-2321
333498,5714854,-1529
333498,5714855,-1037
152965,5714856,-2738
152965,5714857,-930
152965,5714859,-400
152965,5714860,-249
152965,5714861,-2163
346232,5714862,-2841
346232,5714863,-2714
346232,5714864,-2671
348530,5714868,-1864
348530,5714869,-347
348530,5714870,-317
348530,5714871,-147
348530,5714872,-317
348530,5714873,-2145
348530,5714875,-1530
348530,5714876,-1117
271160,5714880,-1736
271160,5714881,-1736
271160,5714882,-1582
271160,5714885,-2231
271160,5714886,-2317
271160,5714887,-2246
271160,5714888,-1231
271160,5714889,-36
182982,5714890,-2627
182982,5714891,-2314
182982,5714892,-1431
259670,5714893,-1068
259670,5714894,-712
259670,5714896,-532
259670,5714897,-523
354574,5714902,-2290
354574,5714903,-2428
354574,5714904,-899
354574,5714905,-553
450549,5714907,-1145
450549,5714908,-2250
450549,5714909,-2238
450549,5714910,-1658
450549,5714911,-1133
251360,5714913,-1531
251360,5714914,-1300
251360,5714915,-814
251360,5714916,-140
262765,5714917,-2395
262765,5714919,-1441
262765,5714921,-1441
452711,5714925,-2641
452711,5714926,-2272
452711,5714928,-744
452711,5714929,-2400
452711,5714930,-1288
374159,5714931,-1482
456062,5714932,-1036
299495,5714936,-1638
299495,5714937,-681
299495,5714939,-707
299495,5714940,-334
282297,5714943,-2712
282297,5714944,-789
282297,5714945,-907
282297,5714947,-419
282297,5714948,-158
282297,5714952,-2614
282297,5714953,-1797
282297,5714954,-49
331446,5714955,-855
331446,5714956,-607
331446,5714957,-497
331446,5714958,-405
331446,5714960,-229
159650,5714961,-144
159650,5714962,-781
273814,5714963,-392
273814,5714965,-751
273814,5714967,-508
273814,5714968,-186
273814,5714969,-1075
192645,5714971,-166
132745,5714972,-2789
132745,5714973,-2689
132745,5714974,-224
132745,5714975,-1239
381884,5714977,-2753
228839,5714979,-570
221368,5714982,-249
221368,5714983,-64
256578,5714984,-2377
256578,5714985,-1981
256578,5714986,-489
256578,5714987,-1635
256578,5714989,-111
256578,5714990,-1354
414912,5714992,-2910
414912,5714993,-1165
414912,5714995,-2644
414912,5714996,-515
414912,5714997,-752
414912,5714998,-757
414912,5714999,-97
414912,5715000,-2527
414912,5715001,-2643
414912,5715003,-1036
414912,5715004,-476
414912,5715005,-848
414912,5715006,-784
414912,5715007,-575
414912,5715008,-483
414912,5715009,-246
391685,5715011,-423
391685,5715013,-446
391685,5715014,-1902
317276,5715015,-681
317276,5715016,-1050
317276,5715017,-417
115001,5715021,-2784
115001,5715022,-704
115001,5715023,-738
115001,5715024,-174
115001,5715025,-1323
115001,5715026,-454
115001,5715028,-265
115001,5715029,-339
233056,5715031,-2910
233056,5715032,-2854
233056,5715033,-2724
233056,5715034,-2349
233056,5715035,-2173
233056,5715036,-1005
233056,5715038,-482
233056,5715039,-2873
233056,5715042,-1381
233056,5715044,-33
346739,5715045,-936
346739,5715046,-2070
346739,5715047,-404
346739,5715048,-546
221642,5715049,-900
221642,5715050,-217
205426,5715051,-2643
205426,5715054,-1166
205426,5715055,-1680
205426,5715056,-2266
205426,5715057,-1883
205426,5715058,-185
205426,5715059,-2653
205426,5715060,-2282
205426,5715062,-289
432545,5715063,-2433
432545,5715064,-2371
432545,5715065,-1921
432545,5715066,-2250
432545,5715067,-509
432545,5715068,-80
432545,5715069,-2432
118247,5715070,-1799
118247,5715072,-2022
118247,5715073,-1463
118247,5715074,-1071
118247,5715075,-966
118247,5715076,-642
118247,5715077,-484
166350,5715078,-2293
166350,5715079,-741
166350,5715080,-854
166350,5715081,-676
388014,5715083,-1089
388014,5715084,-356
388014,5715085,-724
388014,5715086,-387
388014,5715087,-726
388014,5715088,-434
388014,5715089,-183
388014,5715090,-71
189122,5715093,-2688
189122,5715094,-2826
189122,5715096,-325
189122,5715097,-1711
189122,5715098,-2397
189122,5715099,-1351
166358,5715100,-1874
166358,5715101,-1768
166358,5715103,-1377
166358,5715104,-1042
166358,5715105,-784
166358,5715106,-598
166358,5715107,-439
166358,5715108,-124
157200,5715109,-601
157200,5715110,-313
157200,5715112,-511
157200,5715113,-447
157200,5715114,-170
142568,5715115,-50
142568,5715116,-1077
142568,5715118,-1610
356727,5715121,-2135
356727,5715122,-753
356727,5715123,-1350
356727,5715124,-2852
356727,5715126,-1606
356727,5715128,-2324
356727,5715129,-1280
356727,5715130,-49
250551,5715131,-955
250551,5715132,-1103
250551,5715133,-1164
224915,5715135,-1249
224915,5715136,-244
224915,5715137,-244
323674,5715138,-386
323674,5715139,-2670
122858,5715140,-1190
122858,5715141,-1244
122858,5715142,-895
122858,5715143,-538
212939,5715144,-455
212939,5715146,-627
212939,5715147,-643
307734,5715148,-503
307734,5715149,-802
307734,5715150,-668
307734,5715151,-1880
307734,5715153,-872
307734,5715154,-619
307734,5715155,-412
307734,5715156,-1929
307734,5715158,-125
307734,5715159,-1896
307734,5715160,-916
161678,5715161,-2301
161678,5715162,-1554
161678,5715163,-1553
161678,5715164,-1636
161678,5715165,-1319
300388,5715166,-1414
434409,5715169,-1358
281436,5715171,-388
281436,5715172,-90
281436,5715173,-405
371200,5715174,-348
371200,5715175,-1046
311907,5715176,-250
311907,5715177,-180
309299,5715178,-2393
309299,5715179,-743
309299,5715180,-98
309299,5715181,-1208
323982,5715182,-1474
323982,5715183,-1825
369526,5715185,-2595
369526,5715186,-1509
283548,5715189,-1158
283548,5715190,-1199
283548,5715192,-856
283548,5715193,-590
443948,5715194,-273
443948,5715195,-2092
417740,5715196,-2216
417740,5715197,-1879
417740,5715198,-2711
388317,5715199,-971
388317,5715200,-2285
388317,5715201,-278
217477,5715203,-836
217477,5715204,-638
217477,5715205,-656
217477,5715206,-756
310813,5715207,-1670
416471,5715211,-1357
416471,5715212,-685
416471,5715214,-1609
416471,5715215,-1146
416471,5715216,-607
271124,5715217,-97
271124,5715218,-97
271124,5715219,-566
271124,5715220,-280
271124,5715221,-2156
205808,5715222,-2650
205808,5715223,-2524
205808,5715226,-322
205808,5715227,-1115
205808,5715228,-1707
205808,5715229,-1548
205808,5715231,-256
400520,5715232,-1076
400520,5715233,-1346
400520,5715234,-1654
400520,5715235,-661
400520,5715236,-1187
295877,5715238,-1039
295877,5715239,-235
295877,5715240,-1546
295877,5715241,-760
295877,5715242,-682
295877,5715243,-326
295877,5715244,-48
314239,5715245,-33
314239,5715246,-852
314239,5715248,-243
172376,5715249,-594
172376,5715250,-594
172376,5715252,-672
172376,5715253,-1043
172376,5715254,-1603
172376,5715255,-572
172376,5715256,-409
172376,5715257,-388
172376,5715258,-355
172376,5715260,-60
172376,5715261,-1602
172376,5715262,-1285
172376,5715263,-1042
172376,5715264,-821
172376,5715265,-735
172376,5715266,-728
172376,5715267,-509
253382,5715269,-1750
253382,5715270,-1637
253382,5715271,-1542
253382,5715272,-897
253382,5715273,-1431
295483,5715274,-627
295483,5715275,-117
295483,5715277,-1021
295483,5715278,-747
295483,5715279,-531
295483,5715280,-104
182005,5715285,-1083
182005,5715286,-667
182005,5715287,-696
182005,5715288,-667
345257,5715289,-1358
345257,5715290,-611
251484,5715294,-2914
251484,5715295,-2809
251484,5715296,-2444
251484,5715297,-1147
251484,5715298,-1126
251484,5715299,-606
251484,5715301,-2526
251484,5715302,-2320
251484,5715304,-1123
251484,5715305,-1091
251484,5715306,-298
356271,5715307,-320
249072,5715310,-2828
249072,5715311,-2415
249072,5715313,-1612
249072,5715314,-1101
249072,5715315,-898
249072,5715317,-778
249072,5715318,-1743
249072,5715319,-1742
377562,5715320,-928
377562,5715321,-2007
377562,5715322,-2120
377562,5715323,-2359
377562,5715324,-2240
377562,5715325,-451
377562,5715327,-2245
203465,5715330,-2726
203465,5715331,-2129
203465,5715332,-1647
203465,5715333,-1180
203465,5715334,-185
203465,5715335,-177
189495,5715337,-756
189495,5715338,-1152
189495,5715339,-128
189495,5715340,-562
223895,5715341,-1409
223895,5715342,-1409
223895,5715343,-489
223895,5715344,-2721
223895,5715345,-465
223895,5715347,-1090
223895,5715348,-476
223895,5715349,-2720
223895,5715350,-1117
223895,5715351,-992
223895,5715352,-2773
223895,5715353,-251
223895,5715354,-103
301065,5715355,-2569
301065,5715356,-615
301065,5715357,-615
119452,5715359,-2251
119452,5715360,-1620
119452,5715361,-260
119452,5715362,-114
432127,5715363,-2894
432127,5715364,-2796
432127,5715365,-2518
432127,5715367,-2246
291159,5715371,-2906
291159,5715372,-2821
291159,5715374,-1779
291159,5715375,-1013
291159,5715376,-1519
291159,5715377,-2484
291159,5715378,-1851
291159,5715379,-119
119306,5715380,-1040
119306,5715381,-243
119306,5715382,-648
441717,5715383,-1150
441717,5715384,-1262
431472,5715386,-1092
431472,5715387,-2787
431472,5715388,-2214
431472,5715389,-2850
431472,5715390,-1766
431472,5715391,-1561
431472,5715392,-1396
431472,5715393,-1391
431472,5715395,-1196
431472,5715396,-2737
431472,5715397,-2317
420236,5715398,-871
420236,5715399,-1181
420236,5715400,-1087
420236,5715401,-1656
420236,5715402,-329
420236,5715403,-1169
420236,5715405,-1331
420236,5715406,-1215
420236,5715407,-1651
420236,5715409,-179
420236,5715410,-1573
420236,5715411,-943
381062,5715412,-1048
381062,5715413,-1319
381062,5715414,-1229
381062,5715415,-266
194572,5715416,-871
194572,5715417,-1945
194572,5715418,-109
147546,5715420,-1337
342165,5715422,-1293
342165,5715423,-1874
342165,5715424,-533
342165,5715425,-957
342165,5715426,-190
232982,5715428,-1809
327043,5715429,-46
327043,5715430,-66
327043,5715431,-95
327043,5715432,-122
327043,5715433,-137
327043,5715434,-155
327043,5715435,-5
327043,5715437,-13
327043,5715438,-38
327043,5715440,-99
327043,5715441,-70
327043,5715442,-157
327043,5715443,-81
327043,5715444,-8
327043,5715445,-132
380361,5715448,-820
380361,5715449,-357
380361,5715451,-917
380361,5715452,-993
380361,5715453,-1146
380361,5715454,-1622
380361,5715455,-2631
380361,5715456,-1449
380361,5715457,-222
380361,5715458,-749
380361,5715459,-629
380361,5715460,-233
380361,5715461,-112
125263,5715463,-462
408647,5715465,-721
408647,5715466,-2365
408647,5715467,-1323
408647,5715468,-313
408647,5715469,-561
275240,5715470,-2341
275240,5715471,-2467
275240,5715472,-1147
399518,5715473,-941
399518,5715474,-896
215382,5715475,-534
215382,5715476,-1645
401081,5715478,-251
401081,5715479,-614
401081,5715480,-360
291600,5715482,-684
291600,5715483,-689
291600,5715484,-2309
291600,5715485,-2394
291600,5715486,-1619
291600,5715487,-342
291600,5715488,-100
359759,5715489,-2431
359759,5715490,-1263
359759,5715491,-1628
359759,5715492,-1468
359759,5715495,-1627
359759,5715496,-2430
359759,5715498,-2918
359759,5715499,-2595
359759,5715500,-2379
359759,5715501,-850
387252,5715502,-2911
387252,5715503,-1490
279707,5715504,-531
279707,5715505,-127
298038,5715506,-573
298038,5715507,-291
298038,5715508,-320
298038,5715509,-760
298038,5715510,-586
192801,5715511,-1042
417125,5715512,-1855
417125,5715513,-1058
417125,5715514,-298
417125,5715516,-1211
417125,5715517,-779
417125,5715518,-658
417125,5715519,-359
448798,5715521,-319
311464,5715522,-1863
311464,5715523,-566
311464,5715524,-350
311464,5715525,-2093
311464,5715527,-1352
311464,5715528,-106
400434,5715529,-1910
400434,5715530,-697
400434,5715531,-377
327826,5715532,-78
327826,5715533,-1158
200527,5715534,-1075
200527,5715535,-1666
200527,5715536,-1208
200527,5715537,-824
393321,5715538,-264
393321,5715539,-228
393321,5715540,-146
348319,5715542,-482
427773,5715543,-748
427773,5715544,-824
427773,5715545,-287
328955,5715546,-637
332942,5715547,-1490
332942,5715548,-711
332942,5715549,-632
332942,5715550,-608
332942,5715552,-393
332942,5715553,-303
367696,5715554,-1085
367696,5715555,-641
367696,5715556,-1057
101060,5715559,-1087
101060,5715560,-709
101060,5715561,-886
101060,5715564,-2632
357810,5715565,-931
245970,5715566,-334
245970,5715567,-983
281040,5715569,-2375
281040,5715570,-824
281040,5715572,-1237
281040,5715573,-1490
281040,5715574,-1886
281040,5715576,-298
281040,5715577,-589
281040,5715578,-1001
281040,5715579,-617
281040,5715580,-2621
281040,5715581,-937
124718,5715585,-2610
124718,5715586,-1498
124718,5715588,-172
298496,5715589,-1031
298496,5715590,-1002
298496,5715591,-1039
298496,5715592,-1038
296586,5715593,-1207
296586,5715594,-1470
296586,5715595,-1567
296586,5715596,-2045
296586,5715597,-452
296586,5715598,-1652
296586,5715599,-1566
296586,5715600,-359
190334,5715601,-1988
190334,5715603,-1218
190334,5715604,-372
190334,5715605,-1364
190334,5715606,-2108
190334,5715607,-2320
190334,5715608,-1691
190334,5715609,-1578
190334,5715610,-518
157377,5715611,-2349
157377,5715612,-1353
157377,5715613,-41
157377,5715614,-2348
157377,5715615,-1140
157377,5715616,-806
157377,5715617,-211
157377,5715618,-2303
157377,5715619,-2239
157377,5715620,-1709
157377,5715621,-1559
157377,5715622,-232
157377,5715623,-21
250967,5715624,-706
250967,5715625,-658
250967,5715626,-193
250967,5715628,-2395
250967,5715629,-1394
104261,5715630,-587
388017,5715632,-1949
388017,5715633,-2461
388017,5715634,-2461
388017,5715635,-376
388017,5715636,-49
213544,5715637,-79
213544,5715638,-1105
213544,5715639,-1231
213544,5715640,-1761
213544,5715641,-63
213544,5715642,-1593
380677,5715645,-2659
380677,5715647,-1136
380677,5715648,-1136
380677,5715649,-539
380677,5715650,-1135
380677,5715651,-493
380677,5715652,-156
181753,5715653,-1844
181753,5715654,-1702
335098,5715656,-448
335098,5715657,-1356
335098,5715658,-1555
335098,5715659,-2028
206782,5715660,-825
206782,5715661,-1973
206782,5715662,-1707
306329,5715663,-404
306329,5715664,-405
127759,5715666,-558
127759,5715667,-524
127759,5715668,-981
240790,5715670,-1873
240790,5715671,-1438
240790,5715672,-2440
240790,5715673,-1477
138133,5715674,-2673
138133,5715675,-2505
138133,5715676,-1092
138133,5715677,-2668
138133,5715678,-845
138133,5715679,-755
138133,5715680,-539
429972,5715681,-630
429972,5715682,-504
429972,5715683,-85
429972,5715684,-188
429972,5715686,-42
429972,5715687,-740
429972,5715688,-460
429972,5715689,-274
325662,5715691,-582
325662,5715692,-20
453027,5715694,-1495
453027,5715696,-1196
453027,5715697,-101
453027,5715698,-1193
453027,5715699,-1144
136270,5715700,-107
286870,5715701,-2157
286870,5715702,-875
286870,5715703,-242
120474,5715704,-1023
120474,5715705,-342
120474,5715706,-1226
120474,5715707,-1026
120474,5715708,-897
394070,5715709,-2147
394070,5715710,-56
394070,5715711,-2148
394070,5715712,-831
394070,5715713,-801
285342,5715714,-110
285342,5715715,-414
337758,5715716,-2744
337758,5715717,-2308
337758,5715718,-1310
287088,5715719,-2787
287088,5715721,-2638
287088,5715722,-2517
287088,5715723,-1551
220033,5715725,-362
220033,5715727,-2295
220033,5715728,-2295
220033,5715729,-1483
220033,5715730,-1477
220033,5715731,-1238
220033,5715732,-565
220033,5715733,-250
220033,5715734,-69
194559,5715735,-2893
194559,5715736,-894
194559,5715738,-785
194559,5715739,-862
194559,5715740,-376
194559,5715741,-1432
194559,5715742,-783
291292,5715743,-2411
291292,5715744,-1667
291292,5715745,-1144
291292,5715746,-2822
291292,5715747,-1223
291292,5715748,-1666
291292,5715749,-1269
291292,5715750,-941
291292,5715751,-757
291292,5715752,-613
291292,5715753,-526
254062,5715754,-831
254062,5715755,-2694
254062,5715756,-2631
254062,5715757,-634
254062,5715758,-2637
254062,5715759,-963
254062,5715760,-1225
237164,5715762,-1033
237164,5715763,-1098
381254,5715764,-263
381254,5715765,-258
278708,5715766,-614
278708,5715767,-567
278708,5715768,-494
235604,5715769,-2492
235604,5715771,-2478
235604,5715772,-51
235604,5715773,-75
235604,5715774,-82
235604,5715775,-86
235604,5715776,-30
235604,5715777,-1203
235604,5715778,-408
235604,5715779,-2056
235604,5715780,-111
284085,5715782,-536
284085,5715783,-468
284085,5715784,-360
273869,5715785,-527
273869,5715786,-714
273869,5715787,-1515
273869,5715788,-1734
273869,5715789,-1005
273869,5715790,-1078
273869,5715791,-527
370938,5715793,-1455
370938,5715794,-1496
370938,5715795,-1157
370938,5715796,-1129
370938,5715797,-802
183382,5715800,-2505
183382,5715801,-1587
183382,5715802,-1138
113548,5715803,-151
113548,5715804,-151
113548,5715805,-133
113548,5715806,-344
387522,5715807,-824
387522,5715808,-959
387522,5715809,-861
387522,5715810,-650
387522,5715811,-617
387522,5715812,-404
312925,5715813,-1264
312925,5715814,-2920
312925,5715815,-2920
312925,5715816,-406
427471,5715817,-321
427471,5715818,-1399
427471,5715819,-321
427471,5715820,-504
427471,5715821,-1224
427471,5715822,-1194
427471,5715823,-559
427471,5715824,-250
278144,5715827,-2800
278144,5715829,-2062
278144,5715830,-1490
278144,5715831,-1462
221655,5715832,-665
221655,5715833,-1260
221655,5715834,-181
221655,5715835,-1260
221655,5715836,-2292
221655,5715837,-665
221655,5715838,-1076
221655,5715839,-2365
136980,5715840,-1376
136980,5715841,-1209
136980,5715842,-236
136980,5715843,-1216
136980,5715844,-889
136980,5715845,-1687
284019,5715846,-1202
287268,5715847,-693
287268,5715848,-694
287268,5715849,-47
117740,5715850,-481
117740,5715851,-430
117740,5715852,-242
171104,5715853,-205
251451,5715854,-1215
251451,5715855,-1077
251451,5715857,-1607
251451,5715858,-2719
251451,5715859,-1252
251451,5715860,-1175
251451,5715861,-2112
382758,5715862,-1571
382758,5715863,-1082
382758,5715864,-952
382758,5715865,-221
382758,5715866,-1463
382758,5715867,-337
251451,5715868,-1302
251451,5715869,-1032
251451,5715870,-1127
251451,5715871,-2361
251451,5715873,-870
112918,5715874,-1133
112918,5715875,-875
112918,5715876,-672
287332,5715877,-396
287332,5715878,-1402
287332,5715879,-132
287332,5715880,-443
377029,5715881,-627
377029,5715882,-809
377029,5715883,-809
246557,5715884,-1193
246557,5715885,-1405
246557,5715886,-1170
246557,5715887,-2906
439104,5715888,-2685
439104,5715889,-748
439104,5715890,-1071
439104,5715891,-1955
439104,5715892,-2682
439104,5715893,-1072
439104,5715894,-1433
439104,5715895,-1432
439104,5715896,-1694
439104,5715897,-408
439104,5715898,-1954
439104,5715899,-2760
439104,5715900,-1840
439104,5715901,-1380
439104,5715902,-582
406913,5715905,-1297
406913,5715907,-1592
406913,5715908,-468
165946,5715909,-2331
165946,5715910,-1280
165946,5715911,-1903
165946,5715912,-280
165946,5715913,-131
165946,5715914,-460
165946,5715915,-1426
165946,5715916,-1646
315173,5715917,-1813
315173,5715919,-867
315173,5715920,-867
315173,5715921,-867
315173,5715922,-1812
315173,5715923,-1707
315173,5715924,-211
404014,5715925,-1028
404014,5715926,-1056
404014,5715927,-1059
404014,5715928,-352
404014,5715929,-18
404014,5715930,-17
328732,5715931,-511
388298,5715932,-994
388298,5715933,-319
388298,5715934,-624
388298,5715935,-832
388298,5715936,-993
388298,5715937,-827
388298,5715938,-795
388298,5715939,-712
388298,5715941,-551
388298,5715942,-440
388298,5715943,-314
281741,5715944,-142
281741,5715945,-406
281741,5715946,-509
281741,5715947,-623
146584,5715948,-1997
146584,5715949,-616
146584,5715950,-1479
324653,5715953,-204
324653,5715954,-420
324653,5715955,-2221
324653,5715956,-1506
324653,5715957,-1163
324653,5715959,-398
324653,5715960,-99
324653,5715961,-258
104166,5715964,-1210
104166,5715965,-2178
104166,5715966,-1163
104166,5715967,-372
104166,5715969,-579
104166,5715971,-179
104166,5715972,-2683
104166,5715973,-1209
104166,5715974,-861
104166,5715975,-254
438643,5715976,-653
438643,5715977,-805
438643,5715979,-1016
438643,5715980,-1636
438643,5715981,-877
438643,5715982,-769
438643,5715983,-1501
438643,5715984,-840
438643,5715985,-712
438643,5715986,-419
141059,5715989,-1023
141059,5715990,-168
141059,5715991,-701
141059,5715992,-243
141059,5715993,-1301
141059,5715994,-464
117081,5715996,-383
117081,5715997,-200
261073,5715998,-628
261073,5715999,-1509
261073,5716000,-1508
202808,5716002,-1201
225097,5716003,-1848
225097,5716004,-2567
225097,5716005,-1666
128259,5716006,-455
277352,5716008,-2827
271561,5716009,-2329
271561,5716010,-2767
385277,5716012,-1538
385277,5716013,-986
385277,5716014,-250
385277,5716015,-133
385277,5716016,-1574
385277,5716017,-1986
385277,5716019,-1051
453585,5716020,-1184
108357,5716021,-863
108357,5716022,-1763
108357,5716023,-2165
108357,5716024,-866
108357,5716025,-443
108357,5716026,-129
354422,5716028,-275
354422,5716029,-750
354422,5716030,-1265
354422,5716031,-1331
354422,5716032,-783
354422,5716034,-78
226474,5716035,-994
226474,5716036,-2800
226474,5716037,-2637
226474,5716038,-743
170937,5716042,-1418
170937,5716044,-277
170937,5716045,-2640
387017,5716046,-860
387017,5716047,-643
158282,5716049,-183
158282,5716050,-183
283850,5716051,-1489
283850,5716052,-1289
283850,5716053,-329
283850,5716054,-2014
283850,5716055,-621
283850,5716056,-330
283850,5716057,-810
299829,5716059,-415
299829,5716060,-1764
299829,5716061,-506
299829,5716062,-828
299829,5716063,-198
327983,5716064,-730
302664,5716065,-253
299700,5716067,-2252
299700,5716068,-957
299700,5716069,-492
299700,5716070,-453
299700,5716071,-392
299700,5716072,-287
299700,5716074,-266
299700,5716075,-243
299700,5716076,-243
234309,5716077,-428
234309,5716078,-427
234309,5716079,-152
234309,5716080,-593
340956,5716081,-1051
340956,5716082,-853
212159,5716084,-1400
212159,5716086,-1229
212159,5716087,-1399
212159,5716088,-518
212159,5716089,-463
212159,5716090,-338
212159,5716091,-81
108669,5716092,-2290
108669,5716093,-2123
108669,5716094,-1827
108669,5716095,-728
242476,5716096,-1160
242476,5716097,-707
242476,5716099,-2156
242476,5716100,-1504
242476,5716101,-986
394888,5716104,-2621
394888,5716105,-1806
394888,5716106,-1492
394888,5716109,-711
394888,5716110,-700
394888,5716111,-423
394888,5716112,-2726
394888,5716113,-2282
394888,5716114,-1762
394888,5716116,-2725
394888,5716117,-273
312038,5716118,-936
312038,5716120,-2241
312038,5716121,-935
312038,5716122,-756
108023,5716123,-1384
108023,5716124,-837
108023,5716125,-243
174225,5716126,-2724
174225,5716127,-2597
174225,5716129,-568
174225,5716130,-879
174225,5716131,-941
174225,5716132,-1546
174225,5716133,-470
174225,5716134,-667
174225,5716135,-2134
174225,5716136,-61
174225,5716137,-1822
174225,5716138,-1812
174225,5716139,-1706
311349,5716141,-755
311349,5716142,-610
311349,5716143,-359
311349,5716144,-61
450426,5716145,-2515
450426,5716146,-2324
450426,5716148,-471
450426,5716149,-587
450426,5716150,-791
419327,5716151,-450
372859,5716152,-896
372859,5716153,-977
372859,5716157,-862
372859,5716158,-709
372859,5716159,-686
372859,5716160,-599
372859,5716161,-135
380483,5716165,-1032
380483,5716166,-2852
380483,5716167,-2853
125010,5716168,-2607
125010,5716169,-2557
125010,5716170,-1193
125010,5716171,-2606
125010,5716172,-586
385226,5716173,-583
385226,5716174,-735
385226,5716175,-583
135785,5716176,-84
135785,5716178,-280
251403,5716179,-2546
251403,5716180,-1812
251403,5716181,-1497
251403,5716182,-1811
251403,5716183,-779
251403,5716184,-2864
251403,5716186,-1259
251403,5716188,-996
103953,5716189,-1728
103953,5716190,-166
103953,5716191,-847
103953,5716192,-1565
103953,5716193,-922
103953,5716195,-896
103953,5716196,-300
390379,5716197,-1593
390379,5716198,-894
439352,5716199,-2837
439352,5716200,-2298
439352,5716201,-2298
439352,5716202,-1506
319779,5716204,-2438
319779,5716205,-2304
319779,5716206,-2259
319779,5716207,-660
364302,5716208,-624
364302,5716209,-946
364302,5716210,-177
169741,5716212,-1021
169741,5716213,-706
169741,5716216,-307
377858,5716217,-177
377858,5716218,-175
164016,5716219,-975
108012,5716220,-2522
108012,5716221,-2286
108012,5716222,-2197
108012,5716223,-1983
108012,5716224,-2889
196270,5716227,-1140
196270,5716228,-1592
196270,5716229,-2183
196270,5716230,-2172
196270,5716231,-1538
196270,5716232,-199
363989,5716233,-460
363989,5716235,-571
363989,5716236,-1235
363989,5716237,-1234
363989,5716238,-408
363989,5716239,-336
108998,5716240,-2485
108998,5716241,-966
386628,5716242,-741
386628,5716244,-1731
386628,5716245,-419
386628,5716246,-180
386628,5716247,-112
250708,5716251,-1230
250708,5716252,-1154
250708,5716253,-1658
250708,5716254,-2674
250708,5716255,-2325
250708,5716256,-1610
250708,5716257,-2190
326923,5716259,-2465
326923,5716260,-869
326923,5716261,-761
326923,5716262,-727
326923,5716263,-645
326923,5716264,-545
306010,5716268,-2297
306010,5716269,-986
306010,5716270,-104
430110,5716271,-2074
430110,5716272,-2361
430110,5716273,-1360
430110,5716274,-1974
430110,5716275,-1128
101562,5716278,-1149
101562,5716279,-1722
101562,5716280,-1485
101562,5716281,-1374
101562,5716282,-1297
101562,5716283,-786
101562,5716284,-785
290113,5716285,-979
290113,5716287,-1247
290113,5716288,-2822
283919,5716289,-640
283919,5716290,-441
274204,5716292,-2581
274204,5716293,-1896
274204,5716294,-1097
397257,5716295,-257
397257,5716296,-93
366503,5716297,-1948
366503,5716298,-2066
366503,5716299,-112
366503,5716300,-2175
410767,5716303,-1406
410767,5716304,-2039
410767,5716305,-259
253217,5716306,-800
253217,5716307,-1119
253217,5716308,-1461
253217,5716310,-446
253217,5716311,-804
343879,5716312,-1283
343879,5716313,-404
371713,5716314,-621
371713,5716316,-680
371713,5716317,-419
371713,5716318,-422
395345,5716319,-400
395345,5716320,-1503
395345,5716321,-163
298265,5716322,-336
298265,5716323,-1377
154458,5716324,-2640
173153,5716326,-2772
173153,5716327,-2203
187621,5716328,-26
187621,5716329,-605
187621,5716330,-322
305208,5716332,-1395
305208,5716333,-1217
305208,5716335,-791
305208,5716336,-561
305208,5716337,-1080
163163,5716341,-2521
163163,5716342,-2644
163163,5716344,-592
163163,5716345,-1319
163163,5716346,-1568
163163,5716347,-2047
163163,5716349,-1525
163163,5716350,-2387
163163,5716351,-1318
225769,5716352,-674
298948,5716354,-2498
298948,5716356,-2359
298948,5716357,-273
445364,5716359,-299
393237,5716360,-1968
393237,5716361,-1640
393237,5716362,-1288
393237,5716363,-1967
393237,5716365,-2371
393237,5716366,-2157
393237,5716367,-148
370925,5716368,-1191
328874,5716370,-727
328874,5716372,-2725
328874,5716373,-2306
328874,5716374,-2226
390304,5716375,-191
390304,5716376,-180
124457,5716379,-19
124457,5716381,-859
124457,5716382,-2695
124457,5716383,-959
124457,5716384,-612
413501,5716385,-290
202741,5716386,-2595
202741,5716387,-996
202741,5716388,-632
202741,5716389,-490
202741,5716391,-229
449698,5716392,-1310
449698,5716393,-2164
449698,5716394,-1751
259047,5716395,-22
259047,5716396,-1832
259047,5716397,-893
259047,5716398,-264
259047,5716399,-309
218135,5716400,-2543
218135,5716401,-2329
218135,5716403,-545
218135,5716404,-364
332141,5716405,-1353
332141,5716406,-1731
332141,5716407,-836
332141,5716408,-1884
332141,5716410,-1730
332141,5716411,-2036
332141,5716412,-1352
332141,5716413,-601
332141,5716414,-392
116304,5716415,-1199
116304,5716416,-1913
116304,5716418,-751
137276,5716420,-1435
137276,5716421,-1485
126380,5716422,-1169
126380,5716423,-1098
126380,5716425,-473
126380,5716426,-1800
126380,5716427,-1029
126380,5716428,-1168
126380,5716429,-1100
126380,5716430,-500
126380,5716432,-293
126380,5716433,-293
233157,5716434,-405
233157,5716435,-48
233157,5716436,-306
233157,5716437,-89
233157,5716439,-1794
233157,5716442,-1359
233157,5716443,-405
271120,5716444,-495
271120,5716445,-495
414503,5716447,-1139
414503,5716448,-1056
414503,5716449,-1472
414503,5716450,-1528
414503,5716451,-1471
414503,5716452,-957
414503,5716453,-1138
414503,5716454,-1055
414503,5716456,-55
125316,5716457,-811
125316,5716458,-721
125316,5716459,-503
125316,5716460,-273
427199,5716461,-2831
427199,5716462,-2830
427199,5716464,-2729
428046,5716465,-1618
428046,5716466,-1063
428046,5716467,-378
428046,5716468,-378
428046,5716469,-1513
439662,5716470,-855
439662,5716471,-2606
439662,5716472,-2161
439662,5716473,-771
439662,5716475,-655
323380,5716476,-750
323380,5716477,-915
323380,5716478,-1897
323380,5716479,-625
323380,5716480,-273
323380,5716481,-31
323380,5716482,-2268
323380,5716483,-440
367428,5716484,-1849
367428,5716485,-886
367428,5716486,-15
341504,5716487,-285
341504,5716488,-282
279601,5716490,-191
279601,5716492,-1429
279601,5716493,-518
279601,5716494,-491
362780,5716495,-2709
362780,5716496,-2610
362780,5716497,-2672
362780,5716500,-2560
362780,5716501,-677
362780,5716502,-1154
362780,5716503,-616
362780,5716504,-1452
115963,5716506,-338
115963,5716507,-328
115963,5716508,-1569
115963,5716509,-1344
159671,5716510,-1124
159671,5716513,-2812
159671,5716514,-2228
159671,5716515,-1532
159671,5716516,-743
159671,5716517,-1996
159671,5716518,-1734
159671,5716519,-1339
159671,5716520,-666
159671,5716521,-635
159671,5716522,-210
196473,5716523,-2828
196473,5716524,-254
196473,5716526,-1221
400020,5716527,-182
400020,5716528,-182
157270,5716529,-2347
157270,5716530,-1874
157270,5716531,-219
365363,5716534,-1601
182924,5716535,-995
182924,5716536,-994
182924,5716537,-267
145447,5716539,-2863
145447,5716541,-1171
145447,5716542,-1345
145447,5716543,-2380
145447,5716544,-1545
233505,5716545,-1092
233505,5716546,-217
233505,5716547,-776
233505,5716548,-383
224087,5716549,-891
224087,5716551,-1785
224087,5716552,-1947
224087,5716553,-1423
224087,5716554,-2185
224087,5716555,-790
224087,5716556,-656
214041,5716557,-58
214041,5716558,-527
214041,5716559,-393
341261,5716561,-175
248811,5716562,-2543
248811,5716563,-2473
248811,5716564,-2256
248811,5716565,-1408
248811,5716566,-1751
248811,5716568,-974
248811,5716569,-1129
248811,5716570,-614
248811,5716571,-245
248811,5716572,-653
248811,5716573,-2804
248811,5716574,-1636
248811,5716576,-43
238710,5716577,-1802
312908,5716580,-2331
312908,5716581,-672
312908,5716582,-989
312908,5716583,-2446
312908,5716584,-1717
312908,5716585,-410
312908,5716586,-336
160096,5716587,-518
160096,5716588,-1476
160096,5716589,-1402
450525,5716593,-2415
450525,5716594,-918
450525,5716595,-1588
450525,5716596,-1007
450525,5716597,-1185
450525,5716598,-1175
450525,5716601,-95
285913,5716603,-1104
285913,5716604,-946
285913,5716605,-1043
285913,5716606,-2826
285913,5716607,-1103
117533,5716609,-190
450257,5716611,-2837
231020,5716614,-1398
231020,5716615,-943
231020,5716616,-1178
340732,5716617,-1124
340732,5716618,-1031
292645,5716619,-2736
393235,5716621,-1452
393235,5716622,-1451
393235,5716623,-1345
393235,5716624,-391
325896,5716629,-2895
325896,5716630,-2758
325896,5716631,-2400
325896,5716632,-2358
325896,5716633,-2041
325896,5716634,-889
325896,5716635,-817
332402,5716637,-797
332402,5716638,-606
332402,5716639,-1319
332402,5716640,-1318
332402,5716641,-905
154273,5716642,-911
154273,5716643,-1093
154273,5716644,-595
154273,5716645,-182
154273,5716646,-677
154273,5716647,-594
243593,5716649,-2150
243593,5716650,-1327
243593,5716651,-604
113261,5716656,-967
113261,5716657,-913
113261,5716658,-907
296304,5716661,-381
296304,5716662,-385
393805,5716663,-2294
393805,5716664,-1054
393805,5716665,-41
393805,5716667,-706
229323,5716668,-965
229323,5716669,-753
229323,5716670,-964
229323,5716671,-757
229323,5716672,-954
317099,5716673,-1455
397671,5716674,-410
397671,5716675,-274
134532,5716676,-1024
311980,5716679,-757
311980,5716680,-1117
311980,5716681,-1171
311980,5716682,-185
311980,5716683,-2562
171087,5716684,-2480
171087,5716685,-1593
171087,5716686,-1276
171087,5716688,-710
171087,5716689,-279
171087,5716690,-127
171087,5716691,-2468
171087,5716692,-2109
171087,5716693,-1743
171087,5716694,-884
171087,5716695,-759
171087,5716697,-591
171087,5716698,-127
247461,5716699,-1597
247461,5716700,-1372
247461,5716701,-364
247461,5716702,-1971
247461,5716703,-1092
247461,5716704,-788
170111,5716705,-66
170111,5716706,-1253
170111,5716708,-842
170111,5716709,-377
165009,5716711,-2666
165009,5716712,-2570
165009,5716713,-810
165009,5716714,-810
165009,5716715,-2348
165009,5716718,-1530
165009,5716719,-1495
165009,5716721,-868
165009,5716722,-794
165009,5716723,-175
165009,5716724,-119
139142,5716725,-913
139142,5716726,-368
363634,5716728,-1219
363634,5716729,-521
363634,5716730,-556
363634,5716731,-359
232599,5716732,-2815
232599,5716733,-2716
232599,5716734,-2657
232599,5716735,-420
295460,5716740,-925
295460,5716741,-926
295460,5716742,-2695
261265,5716744,-778
261265,5716745,-2214
261265,5716746,-60
261265,5716747,-2389
261265,5716748,-2275
261265,5716749,-799
108108,5716750,-2496
108108,5716751,-2740
108108,5716753,-221
108108,5716754,-305
219905,5716757,-2760
219905,5716758,-1742
219905,5716760,-1644
219905,5716761,-1449
219905,5716762,-1403
219905,5716763,-1209
219905,5716764,-637
219905,5716765,-302
219905,5716766,-2608
219905,5716767,-303
310981,5716769,-862
310981,5716770,-661
310981,5716771,-661
310981,5716773,-403
310981,5716774,-37
310981,5716775,-487
454159,5716778,-2660
454159,5716779,-93
272496,5716780,-2847
272496,5716781,-2749
272496,5716783,-2487
250893,5716784,-963
250893,5716785,-354
250893,5716787,-1082
250893,5716788,-895
250893,5716789,-801
250893,5716790,-749
442071,5716791,-260
442071,5716792,-1293
442071,5716793,-1218
442071,5716794,-1292
438269,5716796,-2199
438269,5716797,-1798
438269,5716798,-1771
438269,5716799,-917
438269,5716800,-1225
377582,5716803,-1182
377582,5716804,-429
377582,5716805,-2915
126358,5716807,-443
132005,5716808,-2302
132005,5716809,-1901
132005,5716810,-869
132005,5716812,-2131
132005,5716813,-2122
132005,5716814,-363
132005,5716815,-2073
132005,5716816,-1150
132005,5716817,-973
132005,5716818,-592
132005,5716819,-270
149974,5716823,-2883
149974,5716824,-2882
149974,5716825,-2147
149974,5716826,-121
124048,5716827,-609
124048,5716828,-1003
124048,5716829,-1563
124048,5716831,-200
124048,5716832,-284
124048,5716833,-2281
124048,5716834,-2279
321228,5716835,-379
386404,5716836,-2611
262706,5716839,-519
262706,5716840,-748
262706,5716841,-2528
262706,5716842,-1189
262706,5716843,-1752
262706,5716844,-2543
262706,5716845,-1163
262706,5716847,-163
173373,5716850,-2666
173373,5716851,-2535
173373,5716852,-409
173373,5716853,-1407
173373,5716854,-437
173373,5716855,-1113
173373,5716856,-1364
219708,5716858,-1483
219708,5716859,-1483
219708,5716860,-1084
219708,5716861,-981
219708,5716862,-711
219708,5716863,-331
219708,5716864,-1621
219708,5716866,-1145
219708,5716867,-1158
219708,5716868,-238
219708,5716869,-1005
219708,5716871,-1337
219708,5716872,-912
219708,5716873,-820
219708,5716874,-759
219708,5716875,-625
432023,5716879,-2575
432023,5716881,-617
432023,5716882,-613
432023,5716883,-113
226821,5716884,-896
226821,5716885,-896
226821,5716886,-1296
226821,5716887,-1295
226821,5716888,-2860
226821,5716889,-1170
260228,5716891,-1261
319729,5716892,-2878
319729,5716893,-2782
319729,5716894,-957
319729,5716897,-488
319729,5716898,-488
319729,5716900,-1747
319729,5716901,-676
188381,5716908,-407
188381,5716909,-423
188381,5716910,-2061
188381,5716911,-469
188381,5716914,-2683
188381,5716915,-2349
437962,5716916,-513
437962,5716917,-230
152844,5716918,-2827
152844,5716920,-2532
152844,5716922,-295
217611,5716923,-596
217611,5716924,-1519
217611,5716925,-2555
217611,5716926,-2338
217611,5716927,-742
217611,5716929,-156
217611,5716930,-533
217611,5716931,-477
217611,5716932,-319
324970,5716934,-1227
324970,5716935,-1227
324970,5716936,-426
324970,5716937,-1593
409869,5716939,-2265
409869,5716940,-608
409869,5716941,-2440
120869,5716947,-2697
